"";"study";"condition_arm1";"condition_arm2";"multi_arm1";"multi_arm2";"n_arm1";"n_arm2";"country";"disorder";"age_category";"percent_women";"recruitment";"time_weeks";".g";".g_se";"rob";"outcome_type";"event_arm1";"event_arm2";"totaln_arm1";"totaln_arm2";"instrument";"time";"rating"
"1";"Alavi 2013";"Cognitive";"Waiting list";NA;NA;15;15;"oth";"Depression";"Adolescents";"0.9";"Other";12;-2,93050147860304;0,533409903311024;"high";"ideation";NA;NA;NA;NA;"NA";"post";"NA"
"2";"Amianto 2011";"Psychodynamic";"CAU";NA;NA;NA;NA;"eu";"Borderline";"Adults";"0.48370000000000002";"Clinical";52;NA;NA;"high";"attempts";6;7;18;17;"NA";"post";"NA"
"3";"Andreoli 2016";"Psychodynamic";"CAU";"psychotherapists";"cau";NA;NA;"eu";"Borderline";"Adults";"0.81100000000000005";"Other";12;NA;NA;"high";"attempts";6;4;70;30;"NA";"post";"NA"
"4";"Andreoli 2016";"Psychodynamic";"CAU";"nurses";"cau";NA;NA;"eu";"Borderline";"Adults";"0.81100000000000005";"Other";12;NA;NA;"high";"attempts";3;4;70;30;"NA";"post";"NA"
"5";"Ardashir 2018";"Cognitive";"CAU";NA;NA;20;20;"oth";"Depression";"Adults";"0.5";"Clinical";5;-2,16004560814976;0,400887578748478;"high";"ideation";NA;NA;NA;NA;"NA";"post";"NA"
"6";"Arnevik 2009";"Mixed/other";"Enhanced CAU";NA;NA;NA;NA;"eu";"Mixed";"Adults";"0.74";"Clinical";34;NA;NA;"high";"attempts";1;3;58;46;"NA";"post";"NA"
"7";"Arnevik 2009";"Mixed/other";"Enhanced CAU";NA;NA;60;54;"eu";"Mixed";"Adults";"0.74";"Clinical";34;0,0403696356092706;0,220512017026667;"high";"ideation";NA;NA;NA;NA;"NA";"post";"NA"
"8";"Arvilommi 2022";"ASSIP";"Supportive counselling";NA;NA;NA;NA;"eu";"Suicidal data or self-harm only";"Adults";"0.70799999999999996";"Clinical";104;NA;NA;"high";"attempts";26;25;89;71;"NA";"post";"NA"
"9";"Asarnow 2011";"Family";"Enhanced CAU";NA;NA;NA;NA;"usa";"Suicidal data or self-harm only";"Adolescents";"0.69";"Other";NA;NA;NA;"high";"attempts";4;5;89;92;"NA";"post";"NA"
"10";"Asarnow 2011";"Family";"Enhanced CAU";NA;NA;89;92;"usa";"Suicidal data or self-harm only";"Adolescents";"0.69";"Other";NA;-0,115772824227536;0,275411161651187;"high";"ideation";NA;NA;NA;NA;"NA";"post";"NA"
"11";"Asarnow 2017";"Family";"Enhanced CAU";NA;NA;NA;NA;"usa";"Suicidal data or self-harm only";"Adolescents";"0.88100000000000001";"Clinical";12;NA;NA;"low";"attempts";0;4;20;22;"NA";"post";"NA"
"12";"Asarnow 2019";"Family";"Supportive counselling";NA;NA;NA;NA;"usa";"Depression";"Children";"0.56000000000000005";"Clinical";NA;NA;NA;"some concerns";"attempts";0;5;67;67;"NA";"post";"NA"
"13";"Ayar 2020";"Problem solving";"CAU";NA;NA;31;31;"oth";"Depression";"Adults";"0.48380000000000001";"Clinical";NA;-0,59984190075557;0,25979235144552;"high";"ideation";NA;NA;NA;NA;"NA";"post";"NA"
"14";"Bannan 2010";"Problem solving";"CAU";NA;NA;9;9;"eu";"Suicidal data or self-harm only";"Adults";"1";"Other";8;-0,748080409406563;0,489245047371146;"high";"ideation";NA;NA;NA;NA;"NA";"post";"NA"
"15";"Barnes 2021";"Mixed/other";"CAU";NA;NA;NA;NA;"usa";"Suicidal data or self-harm only";"Adults";"18.600000000000001";"Clinical";13;NA;NA;"high";"attempts";5;6;35;35;"NA";"post";"NA"
"16";"Barnes 2021";"Mixed/other";"CAU";NA;NA;35;35;"usa";"Suicidal data or self-harm only";"Adults";"18.600000000000001";"Clinical";13;-0,630587269738407;0,245045076414171;"high";"ideation";NA;NA;NA;NA;"NA";"post";"NA"
"17";"Barnhofer 2009";"Mindfulness";"Waiting list";NA;NA;16;15;"uk";"Depression";"Adults";"0.67859999999999998";"Other";8;-0,572140943554361;0,367060024265915;"high";"ideation";NA;NA;NA;NA;"NA";"post";"NA"
"18";"Bateman 1999";"Psychodynamic";"CAU";NA;NA;NA;NA;"uk";"Borderline";"Adults";"0.57499999999999996";"Clinical";78;NA;NA;"high";"attempts";1;12;19;19;"NA";"post";"NA"
"19";"Bateman 2009";"Mentalisation-based";"Enhanced CAU";NA;NA;NA;NA;"uk";"Borderline";"Adults";"0.79879999999999995";"Clinical";78;NA;NA;"high";"attempts";2;16;71;63;"NA";"post";"NA"
"20";"Bentley 2017";"Mixed/other";"CAU";NA;NA;6;6;"usa";"Suicidal data or self-harm only";"Adults";"0.17";"Clinical";0,5;0,199117814819288;0,579026885561602;"high";"ideation";NA;NA;NA;NA;"NA";"post";"NA"
"21";"Blomdahl 2018";"Mixed/other";"CAU";NA;NA;43;36;"eu";"Depression";"Adults";"0.7087";"Other";10;0,113354509619955;0,226089648306035;"high";"ideation";NA;NA;NA;NA;"NA";"post";"NA"
"22";"Brenner 2018";"Cognitive";"Waiting list";NA;NA;15;20;"au";"hopelessness";"Adults";"5.7000000000000002E-2";"Community";10;-0,638042554704163;0,350368608487532;"high";"ideation";NA;NA;NA;NA;"NA";"post";"NA"
"23";"Brent 1997";"Cognitive";"Supportive counselling";"cbt";"supp";37;35;"usa";"Depression";"Adolescents";"0.75700000000000001";"Clinical";14;-0,351200330596975;0,42716342996416;"high";"ideation";NA;NA;NA;NA;"NA";"post";"NA"
"24";"Brent 1997";"Family";"Supportive counselling";"fam";"supp";37;35;"usa";"Depression";"Adolescents";"0.75700000000000001";"Clinical";14;-0,518153673788995;0,483851039587133;"high";"ideation";NA;NA;NA;NA;"NA";"post";"NA"
"25";"Britton 2020";"Psychodynamic";"CAU";"MI-SI";"cau";NA;NA;"usa";"Suicidal data or self-harm only";"Adults";"0.1061";"Clinical";4;NA;NA;"high";"attempts";6;8;33;66;"NA";"post";"NA"
"26";"Britton 2020";"Psychodynamic";"CAU";"MI-SI-R";"cau";NA;NA;"usa";"Suicidal data or self-harm only";"Adults";"0.1061";"Clinical";4;NA;NA;"high";"attempts";2;8;33;66;"NA";"post";"NA"
"27";"Britton 2020";"Psychodynamic";"CAU";"MI-SI";"cau";24;56;"usa";"Suicidal data or self-harm only";"Adults";"0.1061";"Clinical";4;0,364388132382477;0,24570291296308;"high";"ideation";NA;NA;NA;NA;"NA";"post";"NA"
"28";"Britton 2020";"Psychodynamic";"CAU";"MI-SI-R";"cau";27;56;"usa";"Suicidal data or self-harm only";"Adults";"0.1061";"Clinical";4;0,0063972030505482;0,2342956061681;"high";"ideation";NA;NA;NA;NA;"NA";"post";"NA"
"29";"Brown 2005";"Cognitive";"Enhanced CAU";NA;NA;NA;NA;"usa";"Suicidal data or self-harm only";"Adults";"0.61";"Other";26;NA;NA;"high";"attempts";13;23;60;60;"NA";"post";"NA"
"30";"Brown 2005";"Cognitive";"Enhanced CAU";NA;NA;60;60;"usa";"Suicidal data or self-harm only";"Adults";"0.61";"Other";26;-0,186999597005283;0,246516714702242;"high";"ideation";NA;NA;NA;NA;"NA";"post";"NA"
"31";"Brown 2019 study 2";"EMDR and imagery based";"Supportive counselling";NA;NA;NA;NA;"usa";"PTSD";"Adults";"0.107";"Other";8;NA;NA;"high";"attempts";0;1;75;107;"NA";"post";"NA"
"32";"Bryan 2017";"Safety planning";"Enhanced CAU";"spi";"ecau";NA;NA;"usa";"Suicidal data or self-harm only";"Adults";"0.22";"Clinical";4;NA;NA;"some concerns";"attempts";1;5;32;32;"NA";"post";"NA"
"33";"Bryan 2017";"Safety planning";"Enhanced CAU";"spi enhanced";"ecau";NA;NA;"usa";"Suicidal data or self-harm only";"Adults";"0.22";"Clinical";4;NA;NA;"some concerns";"attempts";2;5;33;32;"NA";"post";"NA"
"34";"Bryan 2017";"Safety planning";"Enhanced CAU";"spi";"ecau";32;32;"usa";"Suicidal data or self-harm only";"Adults";"0.22";"Clinical";4;-0,305617989236732;0,251491072998243;"some concerns";"ideation";NA;NA;NA;NA;"NA";"post";"NA"
"35";"Bryan 2017";"Safety planning";"Enhanced CAU";"spi enhanced";"ecau";33;32;"usa";"Suicidal data or self-harm only";"Adults";"0.22";"Clinical";4;-0,524485763892569;0,252429347306491;"some concerns";"ideation";NA;NA;NA;NA;"NA";"post";"NA"
"36";"Celano 2017";"Meaning-making";"Other";NA;NA;NA;NA;"usa";"Depression";"Adults";"0.69359999999999999";"Clinical";6;NA;NA;"low";"attempts";1;0;32;33;"NA";"post";"NA"
"37";"Chan 2022";"Cognitive";"Waiting list";NA;NA;45;45;"eas";"insomnia";"Young adults";"0.67400000000000004";"community";9;0,0504636285751089;0,210852643036357;"high";"ideation";NA;NA;NA;NA;"NA";"post";"NA"
"38";"Chanen 2022";"Mixed/other";"Enhanced CAU";NA;NA;NA;NA;"au";"Borderline";"Young adults";"0.81200000000000006";"Clinical";26;NA;NA;"high";"attempts";3;3;46;46;"NA";"post";"NA"
"39";"Chanen 2022";"Mixed/other";"Enhanced CAU";NA;NA;40;45;"au";"Borderline";"Young adults";"0.81200000000000006";"Clinical";26;0,23400350511978;0,218060186822774;"high";"ideation";NA;NA;NA;NA;"NA";"post";"NA"
"40";"Comtois 2011";"CAMS";"CAU";NA;NA;NA;NA;"usa";"Suicidal data or self-harm only";"Adults";"0.62";"Clinical";26;NA;NA;"high";"attempts";2;1;16;16;"NA";"post";"NA"
"41";"Conner 2021";"ASSIP";"CAU";NA;NA;NA;NA;"usa";"sub";"Adults";"0.64710000000000001";"Clinical";26;NA;NA;"high";"attempts";7;6;14;16;"NA";"post";"NA"
"42";"Conner 2021";"ASSIP";"CAU";NA;NA;12;14;"usa";"sub";"Adults";"0.64710000000000001";"Clinical";26;-0,734703238928465;0,407222899877283;"high";"ideation";NA;NA;NA;NA;"NA";"post";"NA"
"43";"Cottraux 2009";"Cognitive";"Supportive counselling";NA;NA;NA;NA;"eu";"Borderline";"Adults";"0.79900000000000004";"Clinical";52;NA;NA;"high";"attempts";2;1;33;32;"NA";"post";"NA"
"44";"Cottrell 2018";"Family";"CAU";NA;NA;NA;NA;"uk";"Suicidal data or self-harm only";"Adolescents";"0.89";"Clinical";78;NA;NA;"some concerns";"attempts";118;103;415;417;"NA";"post";"NA"
"45";"Crawford 2020";"Mixed/other";"CAU";NA;NA;NA;NA;"uk";"Borderline";"Adults";"0.68";"Clinical";NA;NA;NA;"high";"attempts";1;1;33;30;"NA";"post";"NA"
"46";"Daneshvar 2022";"Mixed/other";"Waiting list";NA;NA;21;21;"oth";"PTSD";"Adults";"1";"Clinical";NA;-0,60525619967886;0,315861640077272;"high";"ideation";NA;NA;NA;NA;"NA";"post";"NA"
"47";"Davidson 2006";"Cognitive";"CAU";NA;NA;NA;NA;"uk";"Borderline";"Adults";NA;"Clinical";52;NA;NA;"low";"attempts";18;21;54;52;"NA";"post";"NA"
"48";"Davidson 2014";"Cognitive";"CAU";NA;NA;11;4;"uk";"Mixed";"Adults";NA;"Other";13;-1,21154942543718;0,629400244564874;"high";"ideation";NA;NA;NA;NA;"NA";"post";"NA"
"49";"De Jonge-Heesen 2020";"Cognitive";"Other";NA;NA;61;64;"eu";"Depression";"Adolescents";"0.63800000000000001";"Community";NA;-0,231102585489317;0,179540276705806;NA;"ideation";NA;NA;NA;NA;"NA";"post";"NA"
"50";"DeGroot 2007";"Mixed/other";"CAU";NA;NA;68;54;"eu";"grief";"Adults";NA;"Clinical";45;0,037799531288823;0,266995673972047;"high";"ideation";NA;NA;NA;NA;"NA";"post";"NA"
"51";"Diamond 2010";"Family";"Enhanced CAU";NA;NA;NA;NA;"usa";"Depression";"Adolescents";"0.83320000000000005";"Clinical";26;NA;NA;NA;"attempts";4;7;35;31;"NA";"post";"NA"
"52";"Diamond 2010";"Family";"Enhanced CAU";NA;NA;35;31;"usa";"Depression";"Adolescents";"0.83320000000000005";"Clinical";12;-0,766209825942987;0,255702120480033;"high";"ideation";NA;NA;NA;NA;"NA";"post";"NA"
"53";"Diamond 2019";"Family";"Supportive counselling";NA;NA;NA;NA;"usa";"Depression";"Adolescents";"0.81899999999999995";"Other";16;NA;NA;"some concerns";"attempts";2;4;66;63;"NA";"post";"NA"
"54";"Diamond 2019";"Family";"Supportive counselling";NA;NA;66;63;"usa";"Depression";"Adolescents";"0.81899999999999995";"Other";16;-0,220819937850646;0,236818486249428;"high";"ideation";NA;NA;NA;NA;"NA";"post";"NA"
"55";"Doering 2010";"Psychodynamic";"Enhanced CAU";NA;NA;NA;NA;"eu";"Borderline";"Adults";"1";"Clinical";52;NA;NA;"high";"attempts";1;1;52;52;"NA";"post";"NA"
"56";"Donaldson 2005";"Mixed/other";"Supportive counselling";NA;NA;NA;NA;"usa";"Suicidal data or self-harm only";"Adolescents";"0.82";"Clinical";26;NA;NA;"high";"attempts";4;2;15;16;"NA";"post";"NA"
"57";"Donaldson 2005";"Mixed/other";"Supportive counselling";NA;NA;15;16;"usa";"Suicidal data or self-harm only";"Adolescents";"0.82";"Clinical";26;-0,1410408879036;0,359867937451313;"high";"ideation";NA;NA;NA;NA;"NA";"post";"NA"
"58";"Ducasse 2018";"Mixed/other";"Other";NA;NA;NA;NA;"eu";"Suicidal data or self-harm only";"Adults";"0.875";"Clinical";7;NA;NA;"high";"attempts";0;2;21;19;"NA";"post";"NA"
"59";"Ducasse 2019";"Mixed/other";"Other";NA;NA;101;100;"eu";"Suicidal data or self-harm only";"Adults";"0.65";"Clinical";1;-0,342476355034775;0,142109010759136;"some concerns";"ideation";NA;NA;NA;NA;"NA";"post";"NA"
"60";"Ertl 2011";"EMDR and imagery based";"Waiting list";"imagery";"wl";29;28;"oth";"PTSD";"Young adults";"0.55330000000000001";"Community";12;0,307775546987042;0,266554335761348;"high";"ideation";NA;NA;NA;NA;"NA";"post";"NA"
"61";"Ertl 2011";"Mixed/other";"Waiting list";"mixed";"wl";28;28;"oth";"PTSD";"Young adults";"0.55330000000000001";"Community";12;0,344654328169949;0,269294254187854;"high";"ideation";NA;NA;NA;NA;"NA";"post";"NA"
"62";"Eskin 2008";"Problem solving";"Waiting list";NA;NA;27;19;"oth";"Depression";"Young adults";"0.69599999999999995";"Community";6;-0,212580720147356;0,300295025149586;"high";"ideation";NA;NA;NA;NA;"NA";"post";"NA"
"63";"Esposito-Smythers 2011";"Cognitive";"CAU";NA;NA;NA;NA;"usa";"sub";"Adolescents";"0.76200000000000001";"Clinical";52;NA;NA;"high";"attempts";1;6;74;73;"NA";"post";"NA"
"64";"Esposito-Smythers 2019";"Family";"Enhanced CAU";NA;NA;NA;NA;"usa";"Depression";"Adolescents";"0.57999999999999996";"Other";52;NA;NA;"high";"attempts";8;4;41;40;"NA";"post";"NA"
"65";"Esposito-Smythers 2019";"Family";"Enhanced CAU";NA;NA;41;40;"usa";"Depression";"Adolescents";"0.57999999999999996";"Other";52;0,0272299991387989;0,222249655427456;"high";"ideation";NA;NA;NA;NA;"NA";"post";"NA"
"66";"Evans 1999";"Cognitive";"CAU";NA;NA;NA;NA;"uk";"Mixed";"Adults";NA;"Clinical";26;NA;NA;"high";"attempts";10;10;18;16;"NA";"post";"NA"
"67";"Eylem 2021";"Cognitive";"Waiting list";NA;NA;10;8;"oth";"Suicidal data or self-harm only";"Adults";"0.72299999999999998";"Community";6;-0,164284075383745;0,475212106336351;"high";"ideation";NA;NA;NA;NA;"NA";"post";"NA"
"68";"Fereidouni 2019";"EMDR and imagery based";"CAU";NA;NA;35;35;"oth";"Depression";"Adults";"0.6714";"Clinical";3;-3,18791909187546;0,362448297848234;"high";"ideation";NA;NA;NA;NA;"NA";"post";"NA"
"69";"Ghahramanlou-Holloway 2018";"Cognitive";"CAU";NA;NA;NA;NA;"usa";"Suicidal data or self-harm only";"Adults";"0.42";"Other";4;NA;NA;"high";"attempts";2;3;12;12;"NA";"post";"NA"
"70";"Ghahramanlou-Holloway 2018";"Cognitive";"CAU";NA;NA;12;12;"usa";"Suicidal data or self-harm only";"Adults";"0.42";"Other";4;-0,238488502234308;0,409802084820483;"high";"ideation";NA;NA;NA;NA;"NA";"post";"NA"
"71";"Goldstein 2015";"Dialectic";"CAU";NA;NA;NA;NA;"usa";"Bipolar";"Adolescents";"0.754";NA;52;NA;NA;"high";"attempts";1;0;14;6;"NA";"post";"NA"
"72";"Goldston 2022";"Cognitive";"CAU";NA;NA;NA;NA;"usa";"dep + sub";"Adolescents";"0.61539999999999995";"Clinical";20;NA;NA;NA;"attempts";1;1;7;6;"NA";"post";"NA"
"73";"Goodman 2016";"Dialectic";"CAU";NA;NA;NA;NA;"usa";"Suicidal data or self-harm only";"Adults";"0.32950000000000002";"Clinical";52;NA;NA;"high";"attempts";3;5;46;45;"NA";"post";"NA"
"74";"Goodman 2022";"Family";"CAU";NA;NA;NA;NA;"usa";"Suicidal data or self-harm only";"Adults";"0.15379999999999999";"Clinical";12,3;NA;NA;NA;"attempts";0;2;19;20;"NA";"post";"NA"
"75";"Goodman 2022";"Family";"CAU";NA;NA;15;15;"usa";"Suicidal data or self-harm only";"Adults";"0.15379999999999999";"Clinical";12,3;-1,14568543113915;0,395527703673352;"high";"ideation";NA;NA;NA;NA;"NA";"post";"NA"
"76";"Goodyer 2008";"Cognitive";"Enhanced CAU";NA;NA;NA;NA;"uk";"Depression";"Adolescents";"0.74";"Clinical";28;NA;NA;"high";"attempts";7;6;106;102;"NA";"post";"NA"
"77";"Green 2011";"Mixed/other";"CAU";NA;NA;NA;NA;"uk";"Suicidal data or self-harm only";"Adolescents";"0.79";"Clinical";52;NA;NA;"some concerns";"attempts";1;2;181;181;"NA";"post";"NA"
"78";"Gregory 2008";"Psychodynamic";"CAU";NA;NA;NA;NA;"usa";"bpd + sub";"Adults";"0.8";"Clinical";65;NA;NA;"high";"attempts";3;3;15;15;"NA";"post";"NA"
"79";"Grupp-Phelan 2019";"Mixed/other";"CAU";NA;NA;NA;NA;"usa";"Suicidal data or self-harm only";"Adolescents";"0.79200000000000004";"Other";9;NA;NA;"high";"attempts";3;1;79;80;"NA";"post";"NA"
"80";"Grupp-Phelan 2019";"Mixed/other";"CAU";NA;NA;80;79;"usa";"Suicidal data or self-harm only";"Adolescents";"0.79200000000000004";"Other";9;-0,0194117417635099;0,158617225497038;"high";"ideation";NA;NA;NA;NA;"NA";"post";"NA"
"81";"Guthrie 2001";"Psychodynamic";"CAU";NA;NA;58;61;"uk";"Suicidal data or self-harm only";"Adults";"0.56000000000000005";"Other";4;-0,224611388264156;0,183982466043061;"high";"ideation";NA;NA;NA;NA;"NA";"post";"NA"
"82";"Gutierrez 2021";"CAMS";"CAU";NA;NA;NA;NA;"usa";"Suicidal data or self-harm only";"Adults";"0.17";"Clinical";13;NA;NA;"high";"attempts";0;1;16;14;"NA";"post";"NA"
"83";"Gysin-Maillart 2016";"ASSIP";"Other";NA;NA;NA;NA;"eu";"Suicidal data or self-harm only";"Adults";"0.55000000000000004";"Other";26;NA;NA;"some concerns";"attempts";1;7;60;60;"NA";"post";"NA"
"84";"Haddock 2019";"Cognitive";"CAU";NA;NA;24;27;"uk";"Suicidal data or self-harm only";"Adults";"0.56899999999999995";"Clinical";26;0,169765146976501;0,281060764668894;"high";"ideation";NA;NA;NA;NA;"NA";"post";"NA"
"85";"Hahm 2019";"Mixed/other";"Waiting list";NA;NA;32;31;"usa";"PTSD";"Young adults";"1";"Community";8;0,15176243080606;0,41418675828134;"high";"ideation";NA;NA;NA;NA;"NA";"post";"NA"
"86";"Harrington 1998";"Family";"CAU";NA;NA;85;77;"uk";"Suicidal data or self-harm only";"Adolescents";"0.89500000000000002";"Clinical";NA;-0,0676900761239952;0,157372152578577;"high";"ideation";NA;NA;NA;NA;"NA";"post";"NA"
"87";"Hatcher 2011";"Problem solving";"CAU";NA;NA;NA;NA;"au";"Suicidal data or self-harm only";"Adults";"0.68500000000000005";"Other";12;NA;NA;"some concerns";"attempts";70;81;522;572;"NA";"post";"NA"
"88";"Hatcher 2011";"Problem solving";"CAU";NA;NA;253;299;"au";"Suicidal data or self-harm only";"Adults";"0.68500000000000005";"Other";12;-0,433810803130814;0,0864174776282876;"high";"ideation";NA;NA;NA;NA;"NA";"post";"NA"
"89";"Hatcher 2015";"Problem solving";"CAU";NA;NA;NA;NA;"au";"Suicidal data or self-harm only";"Adults";"0.67830000000000001";"Other";12;NA;NA;"high";"attempts";86;75;737;737;"NA";"post";"NA"
"90";"Hatcher 2016";"Problem solving";"CAU";NA;NA;NA;NA;"au";"Suicidal data or self-harm only";"Adults";"0.65269999999999995";"Other";13;NA;NA;"high";"attempts";19;33;182;183;"NA";"post";"NA"
"91";"Hazell 2009";"Mixed/other";"CAU";NA;NA;NA;NA;"au";"Suicidal data or self-harm only";"Adolescents";"0.89970000000000006";NA;8;NA;NA;"high";"attempts";7;7;35;37;"NA";"post";"NA"
"92";"Hazell 2009";"Mixed/other";"CAU";NA;NA;35;37;"au";"Suicidal data or self-harm only";"Adolescents";"0.89970000000000006";NA;8;-0,0466134731632117;0,235825940901489;"high";"ideation";NA;NA;NA;NA;"NA";"post";"NA"
"93";"Hetrick 2017";"Mixed/other";"CAU";NA;NA;NA;NA;"au";"Suicidal data or self-harm only";"Adolescents";"0.82";"Other";10;NA;NA;"high";"attempts";0;3;26;24;"NA";"post";"NA"
"94";"Hill 2019";"Mixed/other";"Other";NA;NA;40;40;"usa";"Suicidal data or self-harm only";"Adolescents";"0.68799999999999994";"Community";6;-0,499472882985398;0,227133725696307;"some concerns";"ideation";NA;NA;NA;NA;"NA";"post";"NA"
"95";"Hogberg 2018";"Cognitive";"CAU";NA;NA;NA;NA;"eu";"Depression";"Adolescents";"0.70369999999999999";"Clinical";34;NA;NA;"high";"attempts";0;3;15;12;"NA";"post";"NA"
"96";"Huey 2004";"Family";"Enhanced CAU";NA;NA;NA;NA;"usa";"Suicidal data or self-harm only";"Children";"0.35";"Other";22;NA;NA;"high";"attempts";11;7;78;78;"NA";"post";"NA"
"97";"Huey 2004";"Family";"Enhanced CAU";NA;NA;78;78;"usa";"Suicidal data or self-harm only";"Children";"0.35";"Other";22;-0,141080091923855;0,177064175540038;"high";"ideation";NA;NA;NA;NA;"NA";"post";"NA"
"98";"Husain 2014";"Problem solving";"CAU";NA;NA;NA;NA;"oth";"Suicidal data or self-harm only";"Young adults";"0.68820000000000003";"Other";12;NA;NA;"high";"attempts";3;3;108;113;"NA";"post";"NA"
"99";"Husain 2014";"Problem solving";"CAU";NA;NA;105;112;"oth";"Suicidal data or self-harm only";"Young adults";"0.68820000000000003";"Other";12;-0,349390032356811;0,136878161387006;"high";"ideation";NA;NA;NA;NA;"NA";"post";"NA"
"100";"Hvid 2011";"Mixed/other";"CAU";NA;NA;NA;NA;"eu";"Suicidal data or self-harm only";"Adults";"0.71479999999999999";"Other";26;NA;NA;"some concerns";"attempts";6;14;69;64;"NA";"post";"NA"
"101";"Interian 2021";"Mindfulness";"Enhanced CAU";NA;NA;NA;NA;"usa";"Suicidal data or self-harm only";"Adults";"0.12139999999999999";"Clinical";10;NA;NA;"some concerns";"attempts";9;18;71;69;"NA";"post";"NA"
"102";"Interian 2021";"Mindfulness";"Enhanced CAU";NA;NA;71;69;"usa";"Suicidal data or self-harm only";"Adults";"0.12139999999999999";"Clinical";10;0;0,169048101632174;"some concerns";"ideation";NA;NA;NA;NA;"NA";"post";"NA"
"103";"Jamshidi 2020";"EMDR and imagery based";"Waiting list";NA;NA;15;15;"oth";"PTSD";"Young adults";"1";"Other";13;-0,642130563879766;0,374956822685809;"high";"ideation";NA;NA;NA;NA;"NA";"post";"NA"
"104";"Jobes 2017";"CAMS";"CAU";NA;NA;NA;NA;"usa";"Suicidal data or self-harm only";"Adults";"0.19600000000000001";"Clinical";NA;NA;NA;"high";"attempts";6;3;73;75;"NA";"post";"NA"
"105";"Jobes 2017";"CAMS";"CAU";NA;NA;73;75;"usa";"Suicidal data or self-harm only";"Adults";"0.19600000000000001";"Clinical";NA;-0,559851368674074;0,207958177343872;"high";"ideation";NA;NA;NA;NA;"NA";"post";"NA"
"106";"Johnson (J) 2019";"Mixed/other";"CAU";NA;NA;91;90;"usa";"Depression";"Adults";"0.35349999999999998";"Other";12;-0,119482848313839;0,148794798346116;"low";"ideation";NA;NA;NA;NA;"NA";"post";"NA"
"107";"Kaslow 2010";"Mixed/other";"CAU";NA;NA;121;87;"usa";"Suicidal data or self-harm only";"Adults";"1";"Clinical";10;-0,74719098511247;0,145294897784289;"high";"ideation";NA;NA;NA;NA;"NA";"post";"NA"
"108";"King 2015";"Mixed/other";"CAU";NA;NA;27;22;"usa";"Suicidal data or self-harm only";"Adolescents";"0.8";"Other";NA;-0,159878821570728;0,287682092030734;"high";"ideation";NA;NA;NA;NA;"NA";"post";"NA"
"109";"Koons 2001";"Dialectic";"CAU";NA;NA;10;10;"usa";"Borderline";"Adults";"1";"Clinical";26;-1,26471577376004;0,49355222862049;"high";"ideation";NA;NA;NA;NA;"NA";"post";"NA"
"110";"LaCroix 2018";"Cognitive";"CAU";NA;NA;NA;NA;"usa";"PTSD";"Adults";"0.30599999999999999";"Clinical";4;NA;NA;"some concerns";"attempts";3;2;18;18;"NA";"post";"NA"
"111";"LaCroix 2018";"Cognitive";"CAU";NA;NA;18;18;"usa";"PTSD";"Adults";"0.30599999999999999";"Clinical";4;1,01690214814072;0,355153100910733;"some concerns";"ideation";NA;NA;NA;NA;"NA";"post";"NA"
"112";"Lin (C-J) 2020";"Cognitive";"CAU";NA;NA;38;30;"eas";"Bipolar";"Adults";"0.63";"Clinical";26;-0,409497962298655;0,246801023462512;"high";"ideation";NA;NA;NA;NA;"NA";"post";"NA"
"113";"Lin (Y-C) 2020";"Cognitive";"CAU";NA;NA;NA;NA;"eas";"Suicidal data or self-harm only";"Adults";"0.72099999999999997";"Clinical";26;NA;NA;"some concerns";"attempts";11;24;72;75;"NA";"post";"NA"
"114";"Linehan 2006";"Dialectic";"Enhanced CAU";NA;NA;NA;NA;"usa";"Borderline";"Adults";"1";"Clinical";52;NA;NA;"high";"attempts";13;27;52;49;"NA";"post";"NA"
"115";"Linehan 2006";"Dialectic";"Enhanced CAU";NA;NA;50;39;"usa";"Borderline";"Adults";"1";"Clinical";52;-0,117542795002579;0,213822368072422;"high";"ideation";NA;NA;NA;NA;"NA";"post";"NA"
"116";"LoParo 2018";"Cognitive";"Other";NA;NA;126;126;"usa";"Suicidal data or self-harm only";"Adults";"0.53";"Clinical";6;-0,181921998108609;0,126250061172535;"high";"ideation";NA;NA;NA;NA;"NA";"post";"NA"
"117";"Lu 2019";"Mindfulness";"Waiting list";NA;NA;21;28;"eas";"none";"Children";"0.254";"Other";8;-0,141123198650111;0,289038468327593;"high";"ideation";NA;NA;NA;NA;"NA";"post";"NA"
"118";"Lynch 2020";"Dialectic";"CAU";NA;NA;NA;NA;"uk";"Depression";NA;"0.66";"Clinical";30;NA;NA;"high";"attempts";5;4;162;88;"NA";"post";"NA"
"119";"Lynch 2020";"Dialectic";"CAU";NA;NA;162;88;"uk";"Depression";NA;"0.66";"Clinical";30;-0,0498629170800382;0,132444247646922;"high";"ideation";NA;NA;NA;NA;"NA";"post";"NA"
"120";"Malakouti 2022";"Mixed/other";"CAU";NA;NA;NA;NA;"oth";"Suicidal data or self-harm only";"Adults";"0.67";"Clinical";52;NA;NA;"high";"attempts";14;33;153;152;"NA";"post";"NA"
"121";"Marasinghe 2012 men";"Mixed/other";"Waiting list";NA;NA;17;17;"oth";"Suicidal data or self-harm only";"Adults";"0";"Clinical";26;-0,644227341148846;0,3522063615721;"high";"ideation";NA;NA;NA;NA;"NA";"post";"NA"
"122";"Marasinghe 2012 women";"Mixed/other";"Waiting list";NA;NA;17;17;"oth";"Suicidal data or self-harm only";"Adults";"1";"Clinical";26;-1,10793034039947;0,369570970705067;"high";"ideation";NA;NA;NA;NA;"NA";"post";"NA"
"123";"March 2004 study 1";"Cognitive";"Enhanced CAU";NA;NA;NA;NA;"usa";"Depression";"Adolescents";"0.54400000000000004";"Community";12;NA;NA;"high";"attempts";4;2;107;111;"NA";"post";"NA"
"124";"March 2004 study 1";"Cognitive";"Enhanced CAU";NA;NA;107;111;"usa";"Depression";"Adolescents";"0.54400000000000004";"Community";12;-0,23148054154018;0,135935865989642;"high";"ideation";NA;NA;NA;NA;"NA";"post";"NA"
"125";"March 2004 study 2";"Cognitive";"placebo";NA;NA;NA;NA;"usa";"Depression";"Adolescents";"0.54400000000000004";"Community";12;NA;NA;"high";"attempts";1;0;109;112;"NA";"post";"NA"
"126";"March 2004 study 2";"Cognitive";"placebo";NA;NA;109;112;"usa";"Depression";"Adolescents";"0.54400000000000004";"Community";12;-0,334553558802025;0,135491162700161;"high";"ideation";NA;NA;NA;NA;"NA";"post";"NA"
"127";"McAuliffe 2014";"Problem solving";"CAU";NA;NA;NA;NA;"eu";"Suicidal data or self-harm only";"Adults";"0.64480000000000004";"Other";6;NA;NA;"high";"attempts";54;50;222;211;"NA";"post";"NA"
"128";"McCauley 2018";"Dialectic";"Supportive counselling";NA;NA;NA;NA;"usa";"Suicidal data or self-harm only";"Adolescents";"0.94799999999999995";"Other";26;NA;NA;"high";"attempts";7;14;86;87;"NA";"post";"NA"
"129";"McLeavey 1994";"Interpersonal";"Supportive counselling";NA;NA;NA;NA;NA;"Suicidal data or self-harm only";"Young adults";NA;"Other";56;NA;NA;NA;"attempts";2;5;19;20;"NA";"post";"NA"
"130";"McMain 2017";"Dialectic";"Enhanced CAU";NA;NA;NA;NA;"can";"Borderline";"Adults";"0.78600000000000003";"Clinical";20;NA;NA;"high";"attempts";4;8;42;42;"NA";"post";"NA"
"131";"McManama O'Brien 2018";"Mixed/other";"CAU";NA;NA;NA;NA;"usa";"Suicidal data or self-harm only";"Adolescents";"0.8";"Clinical";12;NA;NA;"high";"attempts";0;1;25;25;"NA";"post";"NA"
"132";"McManama O'Brien 2018";"Mixed/other";"CAU";NA;NA;25;25;"usa";"Suicidal data or self-harm only";"Adolescents";"0.8";"Clinical";12;0,163473097490589;0,283329898433701;"high";"ideation";NA;NA;NA;NA;"NA";"post";"NA"
"133";"Melvin 2006";"Cognitive";"Enhanced CAU";"cbt and med";"medication";25;26;"au";"Depression";"Adolescents";"0.65749999999999997";"Clinical";12;-0,0424842903928171;0,280142447698431;"high";"ideation";NA;NA;NA;NA;"NA";"post";"NA"
"134";"Miklowitz 2020";"Family";"Other";NA;NA;NA;NA;"usa";"Mixed";"Adolescents";"0.64500000000000002";"Clinical";17;NA;NA;"high";"attempts";2;8;61;66;"NA";"post";"NA"
"135";"Morley 2014";"Cognitive";"CAU";NA;NA;122;63;"au";"sub";"Adults";"0.37";"Clinical";26;-0,0301331636877655;0,155152220501428;"high";"ideation";NA;NA;NA;NA;"NA";"post";"NA"
"136";"Morthorst 2012";"Problem solving";"CAU";NA;NA;NA;NA;"eu";"Suicidal data or self-harm only";"Adults";"0.76";"Other";52;NA;NA;"high";"attempts";20;13;123;120;"NA";"post";"NA"
"137";"Naidoo 2014";"Mixed/other";"CAU";NA;NA;NA;NA;"oth";"Suicidal data or self-harm only";"Adults";"0.51939999999999997";"Other";78;NA;NA;"high";"attempts";58;97;344;344;"NA";"post";"NA"
"138";"O'Connor 2020";"Cognitive";"CAU";NA;NA;NA;NA;"usa";"Suicidal data or self-harm only";"Adults";"0.45";"Clinical";52;NA;NA;"high";"attempts";2;2;23;25;"NA";"post";"NA"
"139";"Patel 2017";"Mixed/other";"CAU";NA;NA;NA;NA;"oth";"Depression";"Adults";"0.76500000000000001";"Clinical";7;NA;NA;"low";"attempts";48;82;245;248;"NA";"post";"NA"
"140";"Patsiokas 1985";"Cognitive";"Other";"cbt";"other ctr";5;3;"usa";"Suicidal data or self-harm only";"Adults";NA;"Clinical";3;-0,122195527678118;0,731141255534814;"high";"ideation";NA;NA;NA;NA;"NA";"post";"NA"
"141";"Patsiokas 1985";"Problem solving";"Other";"pst";"other ctr";5;3;"usa";"Suicidal data or self-harm only";"Adults";NA;"Clinical";3;-0,910741185828872;0,775817323339071;"high";"ideation";NA;NA;NA;NA;"NA";"post";"NA"
"142";"Peters 2010";"Cognitive";"Waiting list";NA;NA;25;30;"uk";"Schizofrenia";"Adults";"0.15079999999999999";"Clinical";26;-0,481512185319194;0,328735754848396;"high";"ideation";NA;NA;NA;NA;"NA";"post";"NA"
"143";"Peters 2010";"Cognitive";"Waiting list";NA;NA;25;30;"uk";"Schizofrenia";"Adults";"0.15079999999999999";"Clinical";39;-0,108897821675718;0,319273004530587;"high";"ideation";NA;NA;NA;NA;"NA";"post";"NA"
"144";"Pfeiffer 2019";"Mixed/other";"CAU";NA;NA;NA;NA;"usa";"Suicidal data or self-harm only";"Adults";"0.53";"Clinical";12;NA;NA;"high";"attempts";3;5;34;36;"NA";"post";"NA"
"145";"Pfeiffer 2019";"Mixed/other";"CAU";NA;NA;34;36;"usa";"Suicidal data or self-harm only";"Adults";"0.53";"Clinical";12;-0,123660444591145;0,239376752146301;"high";"ideation";NA;NA;NA;NA;"NA";"post";"NA"
"146";"Pigeon 2019";"Cognitive";"CAU";NA;NA;27;27;"usa";"Mixed";"Adults";"0.2";"Clinical";6;-0,253770386566742;0,273291111857167;"high";"ideation";NA;NA;NA;NA;"NA";"post";"NA"
"147";"Pineda 2013";"Family";"CAU";NA;NA;24;24;"au";"Suicidal data or self-harm only";"Adolescents";"0.75249999999999995";"Clinical";6;-0,599644226967293;0,295304554190761;"high";"ideation";NA;NA;NA;NA;"NA";"post";"NA"
"148";"Pistorello 2020";"CAMS";"CAU";NA;NA;33;29;"usa";"Suicidal data or self-harm only";"Young adults";"0.67700000000000005";"Clinical";8;-0,258940639940934;0,255617588366497;NA;"ideation";NA;NA;NA;NA;"NA";"post";"NA"
"149";"Power 2003";"Cognitive";"CAU";NA;NA;NA;NA;"au";"Schizofrenia";"Young adults";NA;"Clinical";26;NA;NA;"high";"attempts";1;1;31;25;"NA";"post";"NA"
"150";"Pratt 2015";"Cognitive";"CAU";NA;NA;18;22;"uk";"Suicidal data or self-harm only";"Adults";"0";"Other";16;-0,0861787278776324;0,317972856366809;"high";"ideation";NA;NA;NA;NA;"NA";"post";"NA"
"151";"Rahnama 2016";"EMDR and imagery based";"CAU";NA;NA;15;15;"oth";"Depression";"NA";NA;"Other";7;-1,71988582369057;0,430593067668479;"high";"ideation";NA;NA;NA;NA;"NA";"post";"NA"
"152";"Rudd 1996";"Mixed/other";"CAU";NA;NA;NA;NA;"usa";"Mixed";"Young adults";"0.1925";"Clinical";4;NA;NA;"high";"attempts";2;1;181;121;"NA";"post";"NA"
"153";"Rudd 1996";"Mixed/other";"CAU";NA;NA;120;91;"usa";"Mixed";"Young adults";"0.1925";"Clinical";4;0,0976578505349768;0,139086689703599;"high";"ideation";NA;NA;NA;NA;"NA";"post";"NA"
"154";"Rudd 2015";"Cognitive";"CAU";NA;NA;NA;NA;"usa";"Suicidal data or self-harm only";"Adults";"0.125";"Clinical";26;NA;NA;"high";"attempts";8;18;76;76;"NA";"post";"NA"
"155";"Rudd 2015";"Cognitive";"CAU";NA;NA;53;41;"usa";"Suicidal data or self-harm only";"Adults";"0.125";"Clinical";26;-0,433328027178965;0,210412674073225;"high";"ideation";NA;NA;NA;NA;"NA";"post";"NA"
"156";"Ryberg 2019";"CAMS";"Enhanced CAU";NA;NA;NA;NA;"eu";"Suicidal data or self-harm only";"Adults";"0.53";"Clinical";NA;NA;NA;"low";"attempts";3;5;37;41;"NA";"post";"NA"
"157";"Ryberg 2019";"CAMS";"Enhanced CAU";NA;NA;37;41;"eu";"Suicidal data or self-harm only";"Adults";"0.53";"Clinical";NA;-0,5146;0,2305;"low";"ideation";NA;NA;NA;NA;"NA";"post";"NA"
"158";"Salkovskis 1990";"Problem solving";"CAU";NA;NA;NA;NA;"uk";"Suicidal data or self-harm only";"Adults";"0.5";"Clinical";4;NA;NA;"high";"attempts";0;3;12;8;"NA";"post";"NA"
"159";"Samaraweera 2007";"Cognitive";"CAU";NA;NA;5;4;"oth";"Suicidal data or self-harm only";"Adults";"0.6";"Community";8;-2,7714035224435;0,995011374612708;"high";"ideation";NA;NA;NA;NA;"NA";"post";"NA"
"160";"Sanz Cruces 2018";"Mixed/other";"Waiting list";NA;NA;31;20;"eu";"other";"Adults";"0.54900000000000004";"Clinical";8;-0,253480050982861;0,287937191590523;"high";"ideation";NA;NA;NA;NA;"NA";"post";"NA"
"161";"Sedghy 2022";"Cognitive";"CAU";NA;NA;NA;NA;"oth";"Suicidal data or self-harm only";"Adults";"0.47";"Other";13;NA;NA;"high";"attempts";1;8;35;35;"NA";"post";"NA"
"162";"Sedghy 2022";"Cognitive";"CAU";NA;NA;35;35;"oth";"Suicidal data or self-harm only";"Adults";"0.47";"Other";13;-1,14961120623726;0,258448111999055;"high";"ideation";NA;NA;NA;NA;"NA";"post";"NA"
"163";"Shaygan 2022";"Mixed/other";"CAU";NA;NA;48;46;"oth";"Depression";"Adults";"0.71299999999999997";NA;8;-1,04868458273932;0,220270201766108;"high";"ideation";NA;NA;NA;NA;"NA";"post";"NA"
"164";"Sheaves 2019";"Mixed/other";"CAU";NA;NA;NA;NA;"uk";"Schizofrenia";"Adults";"0.42";"Clinical";4;NA;NA;"high";"attempts";2;1;12;12;"NA";"post";"NA"
"165";"Sheaves 2019";"Mixed/other";"CAU";NA;NA;12;12;"uk";"Schizofrenia";"Adults";"0.42";"Clinical";4;-0,0255760548180301;0,408266194127525;"high";"ideation";NA;NA;NA;NA;"NA";"post";"NA"
"166";"Simon 2022";"Dialectic";"CAU";"dbt";"cau";NA;NA;"usa";"check";"Adults";"0.67266666666666697";"Clinical";72;NA;NA;"low";"attempts";206;162;6312;6256;"NA";"post";"NA"
"167";"Simon 2022";"Mixed/other";"CAU";"care management";"cau";NA;NA;"usa";"check";"Adults";"0.67266666666666697";"Clinical";72;NA;NA;"low";"attempts";172;162;6314;6256;"NA";"post";"NA"
"168";"Simpson 2011";"Cognitive";"Waiting list";NA;NA;8;9;"au";"hopelessness";"Adults";NA;"Clinical";10;-0,486996136864784;0,493815701995579;"high";"ideation";NA;NA;NA;NA;"NA";"post";"NA"
"169";"Sinniah 2017";"Cognitive";"CAU";NA;NA;NA;NA;"oth";"Depression";"Adults";"0.6956";"Clinical";8;NA;NA;"high";"attempts";0;2;33;36;"NA";"post";"NA"
"170";"Sinniah 2017";"Cognitive";"CAU";NA;NA;33;36;"oth";"Depression";"Adults";"0.6956";"Clinical";8;-0,858688887177781;0,252083365735469;"high";"ideation";NA;NA;NA;NA;"NA";"post";"NA"
"171";"Slee 2008";"Cognitive";"CAU";NA;NA;40;42;"eu";"Suicidal data or self-harm only";"Adults";"0.93899999999999995";"Clinical";26;-0,644869883763937;0,226701595191427;"high";"ideation";NA;NA;NA;NA;"NA";"post";"NA"
"172";"Slesnick 2019";"Cognitive";"CAU";NA;NA;75;75;"usa";"Suicidal data or self-harm only";"Young adults";"0.40699999999999997";"Clinical";26;-0,266489903928002;0,164029909665386;"high";"ideation";NA;NA;NA;NA;"NA";"post";"NA"
"173";"Spirito 2015";"Family";"CAU";NA;NA;NA;NA;"usa";"Depression";"Adolescents";"0.83299999999999996";"Clinical";12;NA;NA;"high";"attempts";1;0;16;8;"NA";"post";"NA"
"174";"Springer 1996";"Cognitive";"Other";NA;NA;16;15;"usa";"Borderline";"Adults";"0.67700000000000005";"Clinical";1,5;-0,5009;0,3653;"high";"ideation";NA;NA;NA;NA;"NA";"post";"NA"
"175";"Tang 2009";"Mixed/other";"CAU";NA;NA;35;38;"eas";"Depression";"Adolescents";"0.65749999999999997";"Other";6;-0,768493676878487;0,242939187136726;"high";"ideation";NA;NA;NA;NA;"NA";"post";"NA"
"176";"Tarrier 2014";"Cognitive";"CAU";NA;NA;16;19;"uk";"Schizofrenia";"Adults";"0.36699999999999999";"Clinical";26;-0,175802860675987;0,339991237254478;"high";"ideation";NA;NA;NA;NA;"NA";"post";"NA"
"177";"Tighe 2017";"Mixed/other";"Waiting list";NA;NA;31;30;"au";"Mixed";"Adults";"0.64019999999999999";"Community";6;0;0,256108176069141;"high";"ideation";NA;NA;NA;NA;"NA";"post";"NA"
"178";"Turner 2000";"Dialectic";"Other";NA;NA;12;12;"usa";"Borderline";"Young adults";"0.79200000000000004";"Other";52;-0,866043203611395;0,428285368583522;"high";"ideation";NA;NA;NA;NA;"NA";"post";"NA"
"179";"Tyrer 2003";"Cognitive";"CAU";NA;NA;NA;NA;"uk";"Suicidal data or self-harm only";"Adults";"0.68";"Other";26;NA;NA;"high";"attempts";18;22;239;241;"NA";"post";"NA"
"180";"Van Beek 2013";"Cognitive";"CAU";NA;NA;75;75;"eu";"Suicidal data or self-harm only";"Adults";"0.59";"Clinical";12;-0,222845887299614;0,163810544225458;"high";"ideation";NA;NA;NA;NA;"NA";"post";"NA"
"181";"Van Wel 2009";"Mixed/other";"Enhanced CAU";NA;NA;NA;NA;"eu";"Borderline";"Adults";"0.85799999999999998";"Clinical";26;NA;NA;"high";"attempts";2;2;45;38;"NA";"post";"NA"
"182";"Van der Sande 1997";"Mixed/other";"CAU";NA;NA;NA;NA;"eu";"Suicidal data or self-harm only";"Adults";"0.65700000000000003";"Clinical";0,5;NA;NA;"high";"attempts";24;20;140;131;"NA";"post";"NA"
"183";"Verheul 2003";"Dialectic";"CAU";NA;NA;NA;NA;"eu";"Borderline";"Adults";"1";"Clinical";52;NA;NA;"high";"attempts";2;8;27;31;"NA";"post";"NA"
"184";"Walker 2016";"Psychodynamic";"Other";NA;NA;NA;NA;"uk";"Suicidal data or self-harm only";"Adults";"1";"Other";8;NA;NA;"high";"attempts";4;16;56;57;"NA";"post";"NA"
"185";"Walker 2016";"Psychodynamic";"Other";NA;NA;56;57;"uk";"Suicidal data or self-harm only";"Adults";"1";"Other";8;0,04061079975189;0,188171198290537;"high";"ideation";NA;NA;NA;NA;"NA";"post";"NA"
"186";"Ward-Ciesielski 2017";"Mixed/other";"Other";NA;NA;NA;NA;"usa";"Suicidal data or self-harm only";"Adults";"0.35899999999999999";"Clinical";1;NA;NA;"high";"attempts";3;3;46;47;"NA";"post";"NA"
"187";"Ward-Ciesielski 2017";"Mixed/other";"Other";NA;NA;34;37;"usa";"Suicidal data or self-harm only";"Adults";"0.35899999999999999";"Clinical";1;0,0871987568698763;0,237683668065204;"high";"ideation";NA;NA;NA;NA;"NA";"post";"NA"
"188";"Wei 2013";"Cognitive";"CAU";"cbt";"cau";NA;NA;"eas";"Suicidal data or self-harm only";"Adults";"0.76200000000000001";"Other";14;NA;NA;"high";"attempts";0;1;82;77;"NA";"post";"NA"
"189";"Wei 2013";"Mixed/other";"CAU";"telephone";"cau";NA;NA;"eas";"Suicidal data or self-harm only";"Adults";"0.76200000000000001";"Other";14;NA;NA;"high";"attempts";0;1;80;77;"NA";"post";"NA"
"190";"Wei 2013";"Cognitive";"CAU";"cbt";"cau";82;77;"eas";"Suicidal data or self-harm only";"Adults";"0.76200000000000001";"Other";14;-0,0298411885730095;0,177954940958108;"high";"ideation";NA;NA;NA;NA;"NA";"post";"NA"
"191";"Wei 2013";"Mixed/other";"CAU";"telephone";"cau";80;77;"eas";"Suicidal data or self-harm only";"Adults";"0.76200000000000001";"Other";14;0,104598350056696;0,17758873116772;"high";"ideation";NA;NA;NA;NA;"NA";"post";"NA"
"192";"Weinberg 2006";"Cognitive";"CAU";NA;NA;15;15;"usa";"Borderline";"Adults";"1";"Community";7;-0,856037516798549;0,382406345535329;"high";"ideation";NA;NA;NA;NA;"NA";"post";"NA"
"193";"Weinstein 2018";"Family";"CAU";NA;NA;35;36;"usa";"Borderline";"Children";"0.41";"Clinical";12;0,0158073212305796;0,790918377063452;"high";"ideation";NA;NA;NA;NA;"NA";"post";"NA"
"194";"Wharff 2019";"Family";"CAU";NA;NA;68;71;"usa";"Suicidal data or self-harm only";"Adolescents";"0.72";"Other";0,14;-0,00781804240377633;0,169677964654751;"high";"ideation";NA;NA;NA;NA;"NA";"post";"NA"
"195";"Wilks 2018";"Mixed/other";"Waiting list";NA;NA;22;28;"usa";"sub";"Adults";"0.69499999999999995";"Community";8;-0,485614382397258;0,289141673016034;"high";"ideation";NA;NA;NA;NA;"NA";"post";"NA"
"196";"Wood 2001";"Mixed/other";"CAU";NA;NA;32;31;"uk";"Suicidal data or self-harm only";"Adolescents";"0.77500000000000002";"Clinical";28;-0,104507156525389;0,252184308780213;"high";"ideation";NA;NA;NA;NA;"NA";"post";"NA"
"197";"Wu (R) 2021";"Mixed/other";"Waiting list";NA;NA;30;30;"eas";"Suicidal data or self-harm only";"Young adults";"0.76700000000000002";"Community";4;-0,451362547972391;0,261551854137057;"high";"ideation";NA;NA;NA;NA;"NA";"post";"NA"
"198";"Yen 2019";"Mixed/other";"Enhanced CAU";NA;NA;NA;NA;"usa";"Suicidal data or self-harm only";"Adolescents";"0.69199999999999995";"Clinical";4;NA;NA;"high";"attempts";5;10;21;21;"NA";"post";"NA"
"199";"Yen 2019";"Mixed/other";"Enhanced CAU";NA;NA;21;21;"usa";"Suicidal data or self-harm only";"Adolescents";"0.69199999999999995";"Clinical";4;-0,417582295867165;0,367199010914166;"high";"ideation";NA;NA;NA;NA;"NA";"post";"NA"
